23487929637,IssueCommentEvent,true,2022-08-17T15:51:05Z,1696078,75340147,24305026
23487929676,PushEvent,true,2022-08-17T15:51:05Z,66924041,525526680,
23487929674,PushEvent,true,2022-08-17T15:51:05Z,74971347,512700417,106303238
23487929661,PushEvent,true,2022-08-17T15:51:05Z,91143053,525851446,
23487929682,PushEvent,true,2022-08-17T15:51:05Z,60825784,505029866,
23487929673,PushEvent,true,2022-08-17T15:51:05Z,102357035,525845306,
23487929588,PushEvent,true,2022-08-17T15:51:05Z,46447321,274724694,66193563
23487929636,CreateEvent,true,2022-08-17T15:51:05Z,41898282,523780252,
23487929580,IssuesEvent,true,2022-08-17T15:51:05Z,21972349,524701461,
23487929591,PushEvent,true,2022-08-17T15:51:05Z,17869732,164541747,
23487929533,PushEvent,true,2022-08-17T15:51:05Z,37043957,524655561,
23487929573,PushEvent,true,2022-08-17T15:51:05Z,22376627,264221410,
23487929349,PushEvent,true,2022-08-17T15:51:04Z,90624848,472789273,93807059
23487929578,PushEvent,true,2022-08-17T15:51:05Z,98659638,487950724,
23487929597,IssueCommentEvent,true,2022-08-17T15:51:05Z,32714304,432870871,25355022
23487929522,ReleaseEvent,true,2022-08-17T15:51:05Z,41898282,523780252,
23487929560,PushEvent,true,2022-08-17T15:51:05Z,111369888,525845966,
23487929536,PushEvent,true,2022-08-17T15:51:05Z,5146167,522475355,
23487929501,DeleteEvent,true,2022-08-17T15:51:05Z,34882892,280075452,56742327
23487929523,PushEvent,true,2022-08-17T15:51:05Z,12437240,524300625,
23487929494,PushEvent,true,2022-08-17T15:51:05Z,39814207,502695999,
23487929532,PushEvent,true,2022-08-17T15:51:05Z,75855221,381424857,
23487929508,CreateEvent,true,2022-08-17T15:51:05Z,90800936,525860418,
23487929447,PushEvent,true,2022-08-17T15:51:05Z,102809970,507821009,108262640
23487929496,DeleteEvent,true,2022-08-17T15:51:05Z,111434456,525800293,
23487929420,PushEvent,true,2022-08-17T15:51:05Z,5981249,55965971,
23487929439,PushEvent,true,2022-08-17T15:51:05Z,41898282,266811533,
23487929452,PushEvent,true,2022-08-17T15:51:05Z,23216921,406699027,
23487929428,IssuesEvent,true,2022-08-17T15:51:05Z,21071133,501154542,
23487929425,IssueCommentEvent,true,2022-08-17T15:51:05Z,28898909,239809522,60207193
